Base_Product,Category,Variant_Description,MPN,Cost,Price
BABY POWDER SCENT,AIR FRESHENER RCP,BABY POWDER SCENT- 5 GAL,7105,,79.99
BABY POWDER SCENT,AIR FRESHENER RCP,BABY POWDER SCENT- 30 GAL,7130,,299.99
LEATHER SCENT,AIR FRESHENER RCP,LEATHER SCENT- 5 GAL,7305,,79.99
MANGO TANGO SCENT,AIR FRESHENER RCP,MANGO TANGO SCENT- 16OZ,7000-16,,9.99
MANGO TANGO SCENT,AIR FRESHENER RCP,MANGO TANGO SCENT- 1 GAL,7001,,19.99
MANGO TANGO SCENT,AIR FRESHENER RCP,MANGO TANGO SCENT- 5 GAL,7005,,79.99
MANGO TANGO SCENT,AIR FRESHENER RCP,MANGO TANGO SCENT- 30 GAL,7030,,299.99
NEW CAR SCENT,AIR FRESHENER RCP,NEW CAR SCENT- 16OZ,7200-16,,9.99
NEW CAR SCENT,AIR FRESHENER RCP,NEW CAR SCENT- 30 GAL,7230,,299.99
VANILLA,AIR FRESHENER RCP,VANILLA- 30 GAL,7430,,299.99
DEGREASER HOT,ALL-PURPOSE CLEANERS/DEGREASERS,DEGREASER HOT- 16 OZ,DEGREASER-0016,,8.99
DEGREASER HOT,ALL-PURPOSE CLEANERS/DEGREASERS,DEGREASER HOT- 32 OZ,DEGREASER-0032,,12.99
DEGREASER HOT,ALL-PURPOSE CLEANERS/DEGREASERS,DEGREASER HOT- 5 GAL,DEGREASER-05,,60.99
DEGREASER HOT,ALL-PURPOSE CLEANERS/DEGREASERS,DEGREASER HOT- 55 GAL,DEGREASER-55,,349.99
GRITTY HAND CLEANER,DISINFECT,GRITTY HAND CLEANER- 1 GAL,145900,,39.99
HAND SANITIZER,DISINFECT,HAND SANITIZER- 32 OZ,HS-0032,,9.99
HAND SANITIZER,DISINFECT,HAND SANITIZER- 1 GAL,HS-01,,26.99
HAND SANITIZER,DISINFECT,HAND SANITIZER- 5 GAL,HS-05,,107.99
KOC-86 CLEANER,DISINFECT,KOC-86 CLEANER- 32 OZ,KOC-8600-32C,,10.99
KOC-86 CLEANER,DISINFECT,KOC-86 CLEANER- 1 GAL,KOC-8601C,,21.99
KOC-86 CLEANER,DISINFECT,KOC-86 CLEANER- 5 GAL,KOC-8605C,,93.99
KOC-86 CLEANER,DISINFECT,KOC-86 CLEANER- 30 GAL,KOC-8630C,,524.99
KOC-86 CLEANER,DISINFECT,KOC-86 CLEANER- 55 GAL,KOC-8655C,,603.99
KOC-86 CLEANER,DISINFECT,KOC-86 CLEANER- 250 GAL,KOC-8655TC,,2561.99
BAMA BLITZ,DRESSING/PROTECTANTS,BAMA BLITZ- 16 OZ,RCP-BB-0016,,12.99
BAMA BLITZ,DRESSING/PROTECTANTS,BAMA BLITZ- 32 OZ,RCP-BB-0032,,19.99
BAMA BLITZ,DRESSING/PROTECTANTS,BAMA BLITZ- 1 GAL,RCP-BB-01,,38.99
BAMA BLITZ,DRESSING/PROTECTANTS,BAMA BLITZ- 5 GAL,RCP-BB-05,,105.99
BAMA BLITZ,DRESSING/PROTECTANTS,BAMA BLITZ- 250 GAL,RCP-BB-55-T250,,3249.99
NON-SILICONE TIRE DRESSING,DRESSING/PROTECTANTS,NON-SILICONE TIRE DRESSING- 16 OZ,RCP-NSG-0016,,12.99
NON-SILICONE TIRE DRESSING,DRESSING/PROTECTANTS,NON-SILICONE TIRE DRESSING- 32 OZ,RCP-NSG-0032,,18.99
NON-SILICONE TIRE DRESSING,DRESSING/PROTECTANTS,NON-SILICONE TIRE DRESSING- 1 GAL,RCP-NSG-01,,28.99
NON-SILICONE TIRE DRESSING,DRESSING/PROTECTANTS,NON-SILICONE TIRE DRESSING- 5 GAL,RCP-NSG-05,,79.99
NON-SILICONE TIRE DRESSING,DRESSING/PROTECTANTS,NON-SILICONE TIRE DRESSING- 55 GAL,RCP-NSG-55,,694.99
OJ TIRE DRESSING,DRESSING/PROTECTANTS,OJ TIRE DRESSING- 16 OZ,4000-16,,12.99
OJ TIRE DRESSING,DRESSING/PROTECTANTS,OJ TIRE DRESSING- 32 OZ,4000-32,,19.99
OJ TIRE DRESSING,DRESSING/PROTECTANTS,OJ TIRE DRESSING- 30 GAL,4030,,549.99
OJ TIRE DRESSING,DRESSING/PROTECTANTS,OJ TIRE DRESSING- 250 GAL,4055-T250,,4600.99
GLASS CLEANER CONCENTRATE BLUE,GLASS CLEANER,GLASS CLEANER CONCENTRATE BLUE- 16 OZ,8500-16,,9.99
GLASS CLEANER CONCENTRATE BLUE,GLASS CLEANER,GLASS CLEANER CONCENTRATE BLUE- 32 OZ,8500-32,,14.99
GLASS CLEANER CONCENTRATE BLUE,GLASS CLEANER,GLASS CLEANER CONCENTRATE BLUE- 1 GAL,8501,,24.99
GLASS CLEANER CONCENTRATE BLUE,GLASS CLEANER,GLASS CLEANER CONCENTRATE BLUE- 5 GAL,8505,,57.99
GLASS CLEANER CONCENTRATE BLUE,GLASS CLEANER,GLASS CLEANER CONCENTRATE BLUE- 55 GAL,8555,,477.99
METHANOL WASHER FLUID CONCENTRATE,GLASS CLEANER,METHANOL WASHER FLUID CONCENTRATE- 55 GAL,8655,,399.99
WINDSHEILD WASHER FLUID RTU- 55G (6410262),GLASS CLEANER,WINDSHEILD WASHER FLUID RTU- 55G (6410262),8355NS,,126.99
CONCRETE CLEANER,EXTERIOR HOUSE CLEANERS,CONCRETE CLEANER- 1 GAL,CONCRETECLEANER-01,,19.99
CONCRETE CLEANER,EXTERIOR HOUSE CLEANERS,CONCRETE CLEANER- 5 GAL,CONCRETECLEANER-05,,65.99
LEATHER AND VINYL CONDITONER,INTERIOR CLEANER/CONDITIONERS,LEATHER AND VINYL CONDITONER- 32 OZ,4500-32L,,22.99
RADIANCE LEATHER CONDTIONER,INTERIOR CLEANER/CONDITIONERS,RADIANCE LEATHER CONDTIONER - 1 GAL,RAL001,,69.99
MATRIX CERAMIC DETAILER,RADIANCE/CERAMIC,MATRIX CERAMIC DETAILER- 16OZ,RA1200-16,,8.99
MATRIX CERAMIC DETAILER,RADIANCE/CERAMIC,MATRIX CERAMIC DETAILER- 32 OZ,RA1200-32,,17.99
MATRIX CERAMIC DETAILER,RADIANCE/CERAMIC,MATRIX CERAMIC DETAILER- 1 GAL,RA1201,,29.99
MATRIX CERAMIC DETAILER,RADIANCE/CERAMIC,MATRIX CERAMIC DETAILER- 5 GAL,RA1205,,92.99
MATRIX CERAMIC DETAILER,RADIANCE/CERAMIC,MATRIX CERAMIC DETAILER- 30 GAL,RA1230,,499.99
MATRIX CERAMIC DETAILER,RADIANCE/CERAMIC,MATRIX CERAMIC DETAILER- 55 GAL,RA1255,,725.99
RADIANCE GRAPHENE CERAMIC KIT- 50 ML (5 YEAR),RADIANCE/CERAMIC,RADIANCE GRAPHENE CERAMIC KIT- 50 ML (5 YEAR),CLF-500-RCP,,100.99
HYDROCHARGE CERAMIC SPRAY SEALANT,RADIANCE/CERAMIC,HYDROCHARGE CERAMIC SPRAY SEALANT- 16 OZ,RA2000-16,,8.99
HYDROCHARGE CERAMIC SPRAY SEALANT,RADIANCE/CERAMIC,HYDROCHARGE CERAMIC SPRAY SEALANT- 32 OZ,RA2000-32,,14.99
HYDROCHARGE CERAMIC SPRAY SEALANT,RADIANCE/CERAMIC,HYDROCHARGE CERAMIC SPRAY SEALANT- 15 GAL,RA2015,,233.99
HYDROCHARGE CERAMIC SPRAY SEALANT,RADIANCE/CERAMIC,HYDROCHARGE CERAMIC SPRAY SEALANT- 30 GAL,RA2030,,450
RADIANCE LEATHER CERAMIC,RADIANCE/CERAMIC,RADIANCE LEATHER CERAMIC- 1 GAL,RLP-001,,349.99
RADIANCE GLASS PROTECTION,RADIANCE/CERAMIC,RADIANCE GLASS PROTECTION- 32 OZ,RA2200-32,,32.99
RADIANCE ICE CERAMIC 2 YEAR,RADIANCE/CERAMIC,RADIANCE ICE CERAMIC 2 YEAR- 1 GAL,RA-ICE-01G,,699.99
BRAKE CLEANER,SOLVENTS/REMOVERS,BRAKE CLEANER- 5 GAL,5205,,97.99
BRAKE CLEANER,SOLVENTS/REMOVERS,BRAKE CLEANER- 30 GAL,5230,,535.99
BRAKE CLEANER,SOLVENTS/REMOVERS,BRAKE CLEANER- 55 GAL,5255,,724.99
DROP OUT PREP SOAP,TUNNEL WASH,DROP OUT PREP SOAP- 5 GAL,RCP-DO-05,,69.99
DROP OUT PREP SOAP,TUNNEL WASH,DROP OUT PREP SOAP- 30 GAL,RCP-DO-30,,349.99
DROP OUT PREP SOAP,TUNNEL WASH,DROP OUT PREP SOAP- 55 GAL,RCP-DO-55,,598.99
REVIVE HIGH-PH PRESOAK,TUNNEL WASH,REVIVE HIGH-PH PRESOAK - 5 GAL,320005,,84.99
REVIVE HIGH-PH PRESOAK,TUNNEL WASH,REVIVE HIGH-PH PRESOAK- 15 GAL,320015,,232.99
REVIVE HIGH-PH PRESOAK,TUNNEL WASH,REVIVE HIGH-PH PRESOAK - 30 GAL,320030,,419.99
REVIVE HIGH-PH PRESOAK,TUNNEL WASH,REVIVE HIGH-PH PRESOAK - 55 GAL,320055,,699.99
HP2 HARDWATER HIGH-PH PRESOAK,TUNNEL WASH,HP2 HARDWATER HIGH-PH PRESOAK- 5 GAL,321005,,127.99
HP2 HARDWATER HIGH-PH PRESOAK,TUNNEL WASH,HP2 HARDWATER HIGH-PH PRESOAK- 15 GAL,321015,,318.99
HP2 HARDWATER HIGH-PH PRESOAK,TUNNEL WASH,HP2 HARDWATER HIGH-PH PRESOAK- 30 GAL,321030,,569.99
HP2 HARDWATER HIGH-PH PRESOAK,TUNNEL WASH,HP2 HARDWATER HIGH-PH PRESOAK- 55 GAL,321055,,962.99
METHANOL FOAM BRUSH,TUNNEL WASH,METHANOL FOAM BRUSH- 30 GAL,324530,,399.99
METHANOL FOAM BRUSH,TUNNEL WASH,METHANOL FOAM BRUSH- 55 GAL,324555,,632.99
TRIPLE FOAM BLUE,TUNNEL WASH,TRIPLE FOAM BLUE - 1 GAL,324301,,29.99
TRIPLE FOAM BLUE,TUNNEL WASH,TRIPLE FOAM BLUE - 15 GAL,324315,,399.99
TRIPLE FOAM BLUE,TUNNEL WASH,TRIPLE FOAM BLUE - 55 GAL,324355,,1099.99
TRIPLE FOAM RED,TUNNEL WASH,TRIPLE FOAM RED - 1 GAL,324101,,29.99
TRIPLE FOAM RED,TUNNEL WASH,TRIPLE FOAM RED - 15 GAL,324115,,399.99
TRIPLE FOAM RED,TUNNEL WASH,TRIPLE FOAM RED - 55 GAL,324155,,1099.99
WHITE VP&C DYE,CARPET DYES,WHITE VP&C DYE,HT110,,13.99
OFF WHITE VP&C DYE,CARPET DYES,OFF WHITE VP&C DYE,HT120,,13.99
BEIGE VP&AC DYE,CARPET DYES,BEIGE VP&AC DYE,HT200,,13.99
LIGHT BEIGE VP&C DYE,CARPET DYES,LIGHT BEIGE VP&C DYE,HT201,,13.99
PARVE BEIGE VP&C DYE,CARPET DYES,PARVE BEIGE VP&C DYE,HT202,,13.99
DESERT TAN VP&C DYE,CARPET DYES,DESERT TAN VP&C DYE,HT205,,13.99
DOESKIN VP&C DYE,CARPET DYES,DOESKIN VP&C DYE,HT210,,13.99
CAPPUCCINO VP&C DYE,CARPET DYES,CAPPUCCINO VP&C DYE,HT212,,13.99
LIGHT BROWN VP&C DYE,CARPET DYES,LIGHT BROWN VP&C DYE,HT213,,13.99
SAND VP&C DYE,CARPET DYES,SAND VP&C DYE,HT215,,13.99
TAN VP&C DYE,CARPET DYES,TAN VP&C DYE,HT220,,13.99
WOODWARD TAN VP&C DYE,CARPET DYES,WOODWARD TAN VP&C DYE,HT222,,13.99
VINTAGE TAN VP&C DYE,CARPET DYES,VINTAGE TAN VP&C DYE,HT223,,13.99
CHOCOLATE VP&C DYE,CARPET DYES,CHOCOLATE VP&C DYE,HT225,,13.99
BROWN VP&C DYE,CARPET DYES,BROWN VP&C DYE,HT230,,13.99
KHAKI VP&C DYE,CARPET DYES,KHAKI VP&C DYE,HT235,,13.99
CHESTNUT VP&C DYE,CARPET DYES,CHESTNUT VP&C DYE,HT240,,13.99
DOVE GRAY VP&C DYE,CARPET DYES,DOVE GRAY VP&C DYE,HT400,,13.99
GREIGE VP&C DYE,CARPET DYES,GREIGE VP&C DYE,HT401,,13.99
LIGHT GRAY VP&C DYE,CARPET DYES,LIGHT GRAY VP&C DYE,HT410,,13.99
SILVER METALLIC VP&C DYE,CARPET DYES,SILVER METALLIC VP&C DYE,HT420,,13.99
GRAY METALLIC VP&C DYE,CARPET DYES,GRAY METALLIC VP&C DYE,HT430,,13.99
DARK GRAY METALLIC VP&C DYE,CARPET DYES,DARK GRAY METALLIC VP&C DYE,HT435,,13.99
GRAY VP&C DYE,CARPET DYES,GRAY VP&C DYE,HT440,,13.99
CARBON GRAY VP&C DYE,CARPET DYES,CARBON GRAY VP&C DYE,HT445,,13.99
DARK GRAY VP&C DYE,CARPET DYES,DARK GRAY VP&C DYE,HT450,,13.99
FLAGSTONE VP&C DYE,CARPET DYES,FLAGSTONE VP&C DYE,HT455,,13.99
CHARCOAL GRAY VP&C DYE,CARPET DYES,CHARCOAL GRAY VP&C DYE,HT460,,13.99
TAWNY GRAY VP&C DYE,CARPET DYES,TAWNY GRAY VP&C DYE,HT465,,13.99
TAUPE GRAY VP&C DYE,CARPET DYES,TAUPE GRAY VP&C DYE,HT466,,13.99
DARK GREIGE VP&C DYE,CARPET DYES,DARK GREIGE VP&C DYE,HT467,,13.99
DARK CHARCOAL GRAY VP&C DYE,CARPET DYES,DARK CHARCOAL GRAY VP&C DYE,HT468,,13.99
BLACK VP&C DYE,CARPET DYES,BLACK VP&C DYE,HT470,,13.99
CRISTAL MAGIC TOUCH SPRAY WAX AEROSOL,CRISTAL AEROSOLS,CRISTAL MAGIC TOUCH SPRAY WAX AEROSOL,CRI-104-C,,12.99
CRISTAL UNTOUCHABLE  AEROSOL,CRISTAL AEROSOLS,CRISTAL UNTOUCHABLE  AEROSOL,CRI-107-C,,12.99
CRISTAL GX-3  AEROSOL,CRISTAL AEROSOLS,CRISTAL GX-3  AEROSOL,CRI-113-C,,9.99
DR. FOAMY ENZYME CLEANER,RCP AEROSOLS,DR. FOAMY ENZYME CLEANER,HT18019,,15.99
MASK-A-TAK ADHESIVE,RCP AEROSOLS,MASK-A-TAK ADHESIVE- 14OZ,HT18036,,14.99
RCP BRAKE & PARTS CLEANER AEROSOL,RCP AEROSOLS,RCP BRAKE & PARTS CLEANER AEROSOL,R10828,,10.99
KOC-86 CLEANER 16 OZ AEROSOL,RCP AEROSOLS,KOC-86 CLEANER 16 OZ AEROSOL,R560051,,8.99
KOC-86 GUARD AEROSOL 16 OZ,RCP AEROSOLS,KOC-86 GUARD AEROSOL 16 OZ,R561000,,10.99
RAID BUG FOGGER,RCP AEROSOLS,RAID BUG FOGGER,Raid,,8.99
GRILL AND OVEN CLEANER,RCP AEROSOLS,GRILL AND OVEN CLEANER,SW826,,11.99
STAINLESS STEEL CLEANER,RCP AEROSOLS,STAINLESS STEEL CLEANER,SW841,,12.99
RCP CITRUS CLEANER  AEROSOL,RCP AEROSOLS,RCP CITRUS CLEANER  AEROSOL,SW985,,10.99
BAHAMA BREEZE,8 OZ CONCENTRATES,BAHAMA BREEZE- 8 OZ,465-8,,25.99
FRESH CUT,8 OZ CONCENTRATES,FRESH CUT - 8 OZ,472-8,,25.99
20 OZ ERASE SMOKE ELIMINATOR,AEROSOL AIR FRESHENERS,20 OZ ERASE SMOKE ELIMINATOR,491925,,15.99
CLEAN AIR ODOR ELIMINATOR FRESH AIR,AEROSOL AIR FRESHENERS,CLEAN AIR ODOR ELIMINATOR FRESH AIR- 20OZ,HT18065,,15.99
BLACK DIAMOND ODOR BOMB TOTAL RELEASE,AEROSOL AIR FRESHENERS,BLACK DIAMOND ODOR BOMB TOTAL RELEASE,HT19030,,10.99
CUCUMBER MELON ODOR BOMB TOTAL RELEASE,AEROSOL AIR FRESHENERS,CUCUMBER MELON ODOR BOMB TOTAL RELEASE,HT19037,,10.99
NEW CAR ODOR BOMB TOTAL RELEASE,AEROSOL AIR FRESHENERS,NEW CAR ODOR BOMB TOTAL RELEASE,HT19060,,10.99
FRESH AIR ODOR BOMB TOTAL RELEASE,AEROSOL AIR FRESHENERS,FRESH AIR ODOR BOMB TOTAL RELEASE,HT19065,,10.99
BERRY-LICIOUS ODOR BOMB TOTAL RELEASE,AEROSOL AIR FRESHENERS,BERRY-LICIOUS ODOR BOMB TOTAL RELEASE,HT19080,,10.99
CLEAN AIR ODOR ELIMINATOR GREEN APPLE,AEROSOL AIR FRESHENERS,CLEAN AIR ODOR ELIMINATOR GREEN APPLE- 20OZ,HT18075,,15.99
NEW LEATHER 60 CT BAG,WAFERS 60 CT BAGS,NEW LEATHER 60 CT BAG,AS110,,25.99
CUCUMBER MELON 60 CT BAG,WAFERS 60 CT BAGS,CUCUMBER MELON 60 CT BAG,AS134,,25.99
FRESH CUT 60 CT BAG,WAFERS 60 CT BAGS,FRESH CUT 60 CT BAG,AS138,,25.99
BI-LEVEL TRUCK BRUSH YELLOW NYLON,BRUSHES,BI-LEVEL TRUCK BRUSH YELLOW NYLON,186-Y,,24.99
ROUND VENT BRUSH BLACK BRISTLE,BRUSHES,ROUND VENT BRUSH BLACK BRISTLE,299,,6.99
"10""- TRUCK BRUSH BLUE",BRUSHES,"10""- TRUCK BRUSH BLUE",3038,,27.99
"18""- FLAGGED NYLON TRUCK BRUSH",BRUSHES,"18""- FLAGGED NYLON TRUCK BRUSH",3318-N,,49.99
"24""- GREEN FLAGGED BRUSH",BRUSHES,"24""- GREEN FLAGGED BRUSH",3324,,34.99
WHITE NYLON 1/2 BRUSH 12/CS,BRUSHES,WHITE NYLON 1/2 BRUSH 12/CS,85-807,,9.99
CHEMICAL RESISTANT AQUA BLUE DETAILING BRUSH,BRUSHES,CHEMICAL RESISTANT AQUA BLUE DETAILING BRUSH,CRB-1,,9.99
MULTI USE DETAILING BRUSH SET,BRUSHES,MULTI USE DETAILING BRUSH SET,DBS-3,,19.99
FUR EEL PRO LL (2.0) AND FANG COMBO,BRUSHES,FUR EEL PRO LL (2.0) AND FANG COMBO,FFP2-2,,30.99
4'- TRUCK WASH POLE,BRUSHES,4'- TRUCK WASH POLE,MTH-48W,,9.99
PET HAIR BRUSH,BRUSHES,PET HAIR BRUSH,PHB1,,11.99
"8""- BLUE FLAGGED PLASTIC BRUSH",BRUSHES,"8""- BLUE FLAGGED PLASTIC BRUSH",RCP-42,,8.99
RCP LARGE VENT BRUSH BOARS HAIR,BRUSHES,RCP LARGE VENT BRUSH BOARS HAIR,RCP-M06L,,12.99
RCP FOAM PAD CLEANER BRUSH,BRUSHES,RCP FOAM PAD CLEANER BRUSH,RCP-PCB01,,7.99
RCP TIRE SCRUB BRUSH,BRUSHES,RCP TIRE SCRUB BRUSH,RCP-WB09,,7.99
CURVEBALL ULTRA SOFT DETAILING BRUSH,BRUSHES,CURVEBALL ULTRA SOFT DETAILING BRUSH,USDB-1,,15.99
"3""- BLACK FINAL FINISH EDGE GUARD FOAM PAD 2/PK",EDGE GUARD PADS,"3""- BLACK FINAL FINISH EDGE GUARD FOAM PAD 2/PK",320EG,,24.99
"3"" YELLOW POLISHING EDGE GUARD FOAM PAD",EDGE GUARD PADS,"3"" YELLOW POLISHING EDGE GUARD FOAM PAD",334EG,,24.99
"3""- BLUE HEAVY CUT EDGE GUARD FOAM PAD 2/PK",EDGE GUARD PADS,"3""- BLUE HEAVY CUT EDGE GUARD FOAM PAD 2/PK",354EG,,24.99
"3""- BLUEBERRY HEAVY POLISH EDGE GUARD FOAM PAD",EDGE GUARD PADS,"3""- BLUEBERRY HEAVY POLISH EDGE GUARD FOAM PAD",356EG,,24.99
"3"" MAROON MEDIUM CUT EDGE GUARD FOAM PAD 2 PK",EDGE GUARD PADS,"3"" MAROON MEDIUM CUT EDGE GUARD FOAM PAD 2 PK",372EG,,24.99
"5""- YELLOW POLISH EDGE GUARD FOAM PAD",EDGE GUARD PADS,"5""- YELLOW POLISH EDGE GUARD FOAM PAD",534EG,,22.99
"5""- BLUE HEAVY CUT EDGE GUARD FOAM PAD",EDGE GUARD PADS,"5""- BLUE HEAVY CUT EDGE GUARD FOAM PAD",554EG,,22.99
"5""- BLUEBERRY HEAVY POLISH EDGE GUARD FOAM PAD",EDGE GUARD PADS,"5""- BLUEBERRY HEAVY POLISH EDGE GUARD FOAM PAD",556EG,,22.99
"5""- MAROON MEDIUM CUT EDGE GUARD FOAM PAD",EDGE GUARD PADS,"5""- MAROON MEDIUM CUT EDGE GUARD FOAM PAD",572EG,,22.99
"6""- BLACK FINISH EDGE GUARD PAD",EDGE GUARD PADS,"6""- BLACK FINISH EDGE GUARD PAD",620EG,,24.99
"6""- YELLOW POLISH EDGE GUARD FOAM PAD",EDGE GUARD PADS,"6""- YELLOW POLISH EDGE GUARD FOAM PAD",634EG,,24.99
"6""- BLUE HEAVY CUT EDGE GUARD FOAM PAD",EDGE GUARD PADS,"6""- BLUE HEAVY CUT EDGE GUARD FOAM PAD",654EG,,24.99
"6""- BLUEBERRY HEAVY POLISH EDGE GUARD FOAM PAD",EDGE GUARD PADS,"6""- BLUEBERRY HEAVY POLISH EDGE GUARD FOAM PAD",656EG,,24.99
"6"" MAROON MEDIUM CUT EDGE GUARD FOAM PAD",EDGE GUARD PADS,"6"" MAROON MEDIUM CUT EDGE GUARD FOAM PAD",672EG,,24.99
"3""- GREEN FOAM HEAVY CUTTING PAD",RCP BUFF PADS,"3""- GREEN FOAM HEAVY CUTTING PAD",RCP-3GRF,,9.99
"3""- YELLOW WOOL POLISHING PAD",RCP BUFF PADS,"3""- YELLOW WOOL POLISHING PAD",RCP-3YLWOOL,,12.99
"5""- GREEN FOAM HEAVY CUTTING PAD",RCP BUFF PADS,"5""- GREEN FOAM HEAVY CUTTING PAD",RCP-5GRF,,11.99
"5""- YELLOW WOOL POLISHING PAD",RCP BUFF PADS,"5""- YELLOW WOOL POLISHING PAD",RCP-5YLWOOL,,16.99
"6""- GREEN FOAM HEAVY CUTTING PAD",RCP BUFF PADS,"6""- GREEN FOAM HEAVY CUTTING PAD",RCP-6GRF,,12.99
"6""- YELLOW WOOL POLISHING PAD",RCP BUFF PADS,"6""- YELLOW WOOL POLISHING PAD",RCP-6YLWOOL,,19.99
"3""- URO-TEC BURGUNDY MED CUT FOAM PAD 2/PK",URO-TEC PADS,"3""- URO-TEC BURGUNDY MED CUT FOAM PAD 2/PK",372BN,,18.99
3 INCH SALT & PEPPER 2 PK,URO-TEC PADS,3 INCH SALT & PEPPER 2 PK,392MFP,,26.99
"6""- URO-TEC BLUE HEAVY CUT FOAM PAD..",URO-TEC PADS,"6""- URO-TEC BLUE HEAVY CUT FOAM PAD..",654BN,,18.99
"6""- URO-TEC BLUEBERRY HEAVY POLISH FOAM PAD",URO-TEC PADS,"6""- URO-TEC BLUEBERRY HEAVY POLISH FOAM PAD",656BN,,15.99
"6""- URO-TEC BURGUNDY MED CUT FOAM PAD",URO-TEC PADS,"6""- URO-TEC BURGUNDY MED CUT FOAM PAD",672BN,,18.99
"3"" DRILL MOUNT VELCRO BACKING PLATE",BACKING PLATES,"3"" DRILL MOUNT VELCRO BACKING PLATE",300Y,,12.99
"5/8""  MALE BACKING PLATE EXTENSION",BUFF PAD ACCESSORIES,"5/8""  MALE BACKING PLATE EXTENSION",1400,,8.99
CONTROL MODULE FOR DEWALT BUFFER,BUFFERS PARTS,CONTROL MODULE FOR DEWALT BUFFER,810301,,79.99
DW849 BUFFER SPEED SWITCH,BUFFERS PARTS,DW849 BUFFER SPEED SWITCH,BDN036455,,24.99
MAXSHINE MINI POLISHING SYSTEM,BUFFERS PARTS,MAXSHINE MINI POLISHING SYSTEM,MN01,,112.99
DEWALT BRUSHES DW849,BUFFERS PARTS,DEWALT BRUSHES DW849,N398321,,18.99
FLEX XFE7-15 5' ORBITAL POLISHER,BUFFERS PARTS,FLEX XFE7-15 5' ORBITAL POLISHER,436712,,600.99
DEWALT DWP849 ROTARY POLISHER,BUFFERS PARTS,DEWALT DWP849 ROTARY POLISHER,DWP849,,356.99
"FLEX 3401VRG, 5"" POLISHER, FORCED ROTATION",BUFFERS PARTS,"FLEX 3401VRG, 5"" POLISHER, FORCED ROTATION",Flex 3401VRG 334839,,1036.99
"FLEX PXE 80 12V 3"" POLISHER KIT W/ ROTARY ADAPTER, 12MM ADAPTER, ADHESIVE PAD, HOOP AND LOOP PAD, 2 BATTERIES, CHARGER",BUFFERS PARTS,"FLEX PXE 80 12V 3"" POLISHER KIT W/ ROTARY ADAPTER, 12MM ADAPTER, ADHESIVE PAD, HOOP AND LOOP PAD, 2 BATTERIES, CHARGER",Flex PXE 80 493503,,509.99
"FLEX XCE 8 18V 6"" POLISHER KIT W/ CHARGER, BATTERIES",BUFFERS PARTS,"FLEX XCE 8 18V 6"" POLISHER KIT W/ CHARGER, BATTERIES",Flex XCE 8 459550,,1335.99
"FLEX XFE 15 18V 6"" POLISHER SET W/ CHARGER AND BATTERIES",BUFFERS PARTS,"FLEX XFE 15 18V 6"" POLISHER SET W/ CHARGER AND BATTERIES",Flex XFE15 459542,,1312.99
RUPES LHR15 MARK V BIGFOOT RANDOM ORBITAL POLISHER,BUFFERS PARTS,RUPES LHR15 MARK V BIGFOOT RANDOM ORBITAL POLISHER,LHR15V/US/STD,,524.99
RUPES LHR21 MARK V BIGFOOT RANDOM ORBITAL POLISHER,BUFFERS PARTS,RUPES LHR21 MARK V BIGFOOT RANDOM ORBITAL POLISHER,LHR21V,,1056.99
RUPES MARK V 21MM ORBITAL POLISHER,BUFFERS PARTS,RUPES MARK V 21MM ORBITAL POLISHER,LHR21V/US/STD,,594.99
MAXSHINE ROTARY BRUSHLESS POLISHER,BUFFERS PARTS,MAXSHINE ROTARY BRUSHLESS POLISHER,MB1200 PRO,,324.99
MAXSHINE 15MM DUAL ACTION BRUSHLESS POLISHER,BUFFERS PARTS,MAXSHINE 15MM DUAL ACTION BRUSHLESS POLISHER,MB15 PRO,,359.99
WARRIOR VAR SPEED CARPET BUFFING MACHINE,BUFFERS PARTS,WARRIOR VAR SPEED CARPET BUFFING MACHINE,OD-HSB,,75.99
MAXSHINE MINI ROTARY POLISHING SYSTEM,BUFFERS PARTS,MAXSHINE MINI ROTARY POLISHING SYSTEM,MN01,,112.99
SQUARE TERRY APPLICATOR,APPLICATORS,SQUARE TERRY APPLICATOR,SQ-1-TY,,1.99
MICROFIBER BLUE/GRAY CERAMIC APPLICATOR..,APPLICATORS,MICROFIBER BLUE/GRAY CERAMIC APPLICATOR..,SX101GYB,,6.99
"WATER BLADE 14""",CHAMOIS/DRYING TOWEL,"WATER BLADE 14""",25-926,,33.99
WATER DRAGON 791 SQ INCHES,CHAMOIS/DRYING TOWEL,WATER DRAGON 791 SQ INCHES,DG816,,35.99
WATER DEMON/RCP HYDRO LOCK CHAMOIS,CHAMOIS/DRYING TOWEL,WATER DEMON/RCP HYDRO LOCK CHAMOIS,PWD1727,,20.99
"RCP 24"" X 36"" 1200GSM GREEN TWISTED LOOP DRYING TOWEL",CHAMOIS/DRYING TOWEL,"RCP 24"" X 36"" 1200GSM GREEN TWISTED LOOP DRYING TOWEL",RCP-TWLGN,,32.99
ZORB-IT PRO 24'X30' TUBE,CHAMOIS/DRYING TOWEL,ZORB-IT PRO 24'X30' TUBE,SX720T,,23.99
RCP SINGLE BLUE WAFFLE TOWEL,CHAMOIS/DRYING TOWEL,RCP SINGLE BLUE WAFFLE TOWEL,RCP-AH-MF-WWT,,4.5
MICROFIBER DUO TWISTED DRYING TOWEL 24 X 36 1200 GSM,CHAMOIS/DRYING TOWEL,MICROFIBER DUO TWISTED DRYING TOWEL 24 X 36 1200 GSM,RCP-DTT6090,,35.99
"DO ALL SCRUBBER, SCRUB-A-DO-, BUG BLOCK, SPONGE",SPONGES/WASH MITTS,"DO ALL SCRUBBER, SCRUB-A-DO-, BUG BLOCK, SPONGE",HT-1261,,6.99
MAGIC ERASER,SPONGES/WASH MITTS,MAGIC ERASER- 12 PK,RCP-85-422,,24.99
RCP MAGIC ERASER 12 PK,SPONGES/WASH MITTS,RCP MAGIC ERASER 12 PK,RCP-MES01,,24.99
MICROFIBER WASH MITT BLUE & WHITE,SPONGES/WASH MITTS,MICROFIBER WASH MITT BLUE & WHITE,RCP-MFWM,,9.99
RCP BLUE PLUSH MICROFIBER WASH MITT,SPONGES/WASH MITTS,RCP BLUE PLUSH MICROFIBER WASH MITT,RCP-PWMO8,,9.99
RCP INTERIOR SCRUB SPONGE,SPONGES/WASH MITTS,RCP INTERIOR SCRUB SPONGE,RCP-SNS01,,11.99
SCRUB NINJA SCRUBBER SPONGE 2/PK,SPONGES/WASH MITTS,SCRUB NINJA SCRUBBER SPONGE 2/PK,RCPS-NINJA,,24.99
"BUG BLOCK BRUSH- 1.5'' X 10""",SPONGES/WASH MITTS,"BUG BLOCK BRUSH- 1.5'' X 10""",TB1262,,15.99
DELUXE DETAILING TOWEL ORANGE 12 PK,TOWELS,DELUXE DETAILING TOWEL ORANGE 12 PK,DDT-OMF,,35.99
GOLD WAFFLE TOWELS 12/PK,TOWELS,GOLD WAFFLE TOWELS 12/PK,HT-65W-G,,61.99
IRREGULAR 16X16 GOLD MICROFIBER TOWELS 300 PER BUNDLE,TOWELS,IRREGULAR 16X16 GOLD MICROFIBER TOWELS 300 PER BUNDLE,IRRGOLD300,,190
BLUE WAFFLE TOWELS 12 PK,TOWELS,BLUE WAFFLE TOWELS 12 PK,RCP-AH-MF-WWT-12,,44.99
25 LB WHOLE TERRY TOWELS,TOWELS,25 LB WHOLE TERRY TOWELS,TY125W,,113.99
MAGIC CLAY MITT,CLAY,MAGIC CLAY MITT,RCP-204002MT,,49.99
RCP BLUE CLAY BAR COURSE 50 GRAM X3,CLAY,RCP BLUE CLAY BAR COURSE 50 GRAM X3,RCP-CB50-3B,,32.99
RCP WHITE CLAY BAR FINE 50 GRAM X 3,CLAY,RCP WHITE CLAY BAR FINE 50 GRAM X 3,RCP-CB50-3W,,32.99
RCP 6 INCH CLAY PAD,CLAY,RCP 6 INCH CLAY PAD,RCP-CP150,,57.99
RCP MAGIC CLAY MITT,CLAY,RCP MAGIC CLAY MITT,RCP-MCM03,,49.99
SPEEDY SURFACE PREP - FINE,CLAY,SPEEDY SURFACE PREP - FINE,SSP580,,69.99
SPEEDY SURFACE PREP - MEDIUM,CLAY,SPEEDY SURFACE PREP - MEDIUM,SSP589,,67.99
1/4 AIR HOSE FITTING MALE,AIR HOSE FITTINGS,1/4 AIR HOSE FITTING MALE,D000011,,7.99
FEMALE AIR HOSE FITTING,AIR HOSE FITTINGS,FEMALE AIR HOSE FITTING,D00010,,7.99
AIR HOSE COUPLER,AIR HOSE FITTINGS,AIR HOSE COUPLER,D00003,,13.99
STEAM MACHINE,EQUIPMENT MISC,STEAM MACHINE,C900054,,231.99
UTILITY CABINET,EQUIPMENT MISC,UTILITY CABINET,Cabinet,,449.99
50' POWER CORD,EQUIPMENT MISC,50' POWER CORD,E-Cord,,29.99
EQUIP: EQUIPMENT REPAIR,EQUIPMENT MISC,EQUIP: EQUIPMENT REPAIR,E-ER,,125.99
REPAIR KIT FOR SURE SHOT SPRAYER,EQUIPMENT MISC,REPAIR KIT FOR SURE SHOT SPRAYER,KM10,,58.99
RUBBERMAID STORAGE CABINET,EQUIPMENT MISC,RUBBERMAID STORAGE CABINET,RUBBERMAID,,367.99
SURE SHOT FILLER CAP,EQUIPMENT MISC,SURE SHOT FILLER CAP,S-118F,,49.99
MYTEE S-300H TEMPO HEATED EXTRACTOR,MYTEE,MYTEE S-300H TEMPO HEATED EXTRACTOR,MYTEE,,1099.99
5 GALLON BUCKET DOLLY,FOAM CANNON/WASH ACCESSORIES,5 GALLON BUCKET DOLLY,RCP-BD-100B,,56.99
FIREMAN STYLE HOSE NOZZLE,FOAM CANNON/WASH ACCESSORIES,FIREMAN STYLE HOSE NOZZLE,SP-020N,,22.99
POWERHORSE GENERATOR INVERTER 2500 SURGE WAT RECOIL START,GENERATORS,POWERHORSE GENERATOR INVERTER 2500 SURGE WAT RECOIL START,6075628,,699.99
POWERHORSE GENERATOR INVERTER 5000 SURGE WATT DUAL FUEL ELECTRIC START,GENERATORS,POWERHORSE GENERATOR INVERTER 5000 SURGE WATT DUAL FUEL ELECTRIC START,6075679,,1049.99
"POWERHORSE GENERATOR INVERTER 2,300..SURGE WATT RECOIL",GENERATORS,"POWERHORSE GENERATOR INVERTER 2,300..SURGE WATT RECOIL",83169,,643.99
4PK WATER HOSE WASHER WITH FILTER,HOSES,4PK WATER HOSE WASHER WITH FILTER,02-316,,9.99
AIR HOSE,HOSES,AIR HOSE- 50 FT,AH-50,,77.99
25 FT 4000 PSI PRESSURE WASHER HOSE,HOSES,25 FT 4000 PSI PRESSURE WASHER HOSE,AHS25,,86.99
10' JUMPER WATER HOSE,HOSES,10' JUMPER WATER HOSE,WH-10,,39.99
100 FT HEAVY DUTY WATER HOSE,HOSES,100 FT HEAVY DUTY WATER HOSE,WH-100,,199.99
"WATER HOSE 50""",HOSES,"WATER HOSE 50""",WH-50,,49.99
5 PACK WATER HOSE WASHERS,HOSES,5 PACK WATER HOSE WASHERS,WH-Washer,,5.99
SIZE 40 YELLOW PRESSURE WASH TIP 15-DEGREE,PRESSURE WASHER ACCESSORIES,SIZE 40 YELLOW PRESSURE WASH TIP 15-DEGREE,915040Q,,7.99
2' EXTENSION WAND W/ C,PRESSURE WASHER ACCESSORIES,2' EXTENSION WAND W/ C,AWA024,,31.99
3' EXTENSION WAND W/ C - WAND SAVER,PRESSURE WASHER ACCESSORIES,3' EXTENSION WAND W/ C - WAND SAVER,AWA036,,33.99
60' WAND EXTENDER,PRESSURE WASHER ACCESSORIES,60' WAND EXTENDER,AWA060,,61.99
"O-RING 1/4"" BULK",PRESSURE WASHER ACCESSORIES,"O-RING 1/4"" BULK",B-OR-110-BN-70,,5.99
"O-RING 3/8"" BULK",PRESSURE WASHER ACCESSORIES,"O-RING 3/8"" BULK",B-OR-112-BN-70,,5.99
GX200 W/ CAT PUMP FOR MOBILE SET UP,PRESSURE WASHER ACCESSORIES,GX200 W/ CAT PUMP FOR MOBILE SET UP,GX200UT2XQX2,,1600
O28 SEAL KIT FOR TS1511,PRESSURE WASHER ACCESSORIES,O28 SEAL KIT FOR TS1511,O28,,66.99
"RED PRESSURE WASH TIP 0-DEGREE, SIZE 30",PRESSURE WASHER ACCESSORIES,"RED PRESSURE WASH TIP 0-DEGREE, SIZE 30",RCP-900030Q,,7.99
RCP SIZE 40 GREEN PRESSURE WASH TIP 25-DEGREE,PRESSURE WASHER ACCESSORIES,RCP SIZE 40 GREEN PRESSURE WASH TIP 25-DEGREE,RCP-925040Q,,7.99
QC CONVERSION PLUG,PRESSURE WASHER FITTINGS,QC CONVERSION PLUG,V10037,,10.99
THERMOSENSER 1/4 CAT PUMP,PRESSURE WASHER PARTS,THERMOSENSER 1/4 CAT PUMP,100556,,10.99
THERMOSENSER 1/2 GENERAL PUMP,PRESSURE WASHER PARTS,THERMOSENSER 1/2 GENERAL PUMP,100558,,10.99
PRESSURE WASHER SPARK PLUG,PRESSURE WASHER PARTS,PRESSURE WASHER SPARK PLUG,130-823,,8.99
30HD MOTOR OIL QT.,PRESSURE WASHER PARTS,30HD MOTOR OIL QT.,150-30HD,,11.99
"RECOIL ASSEMBLY GX190, GX200",PRESSURE WASHER PARTS,"RECOIL ASSEMBLY GX190, GX200",150-703,,49.99
"RECOIL ASSEMBLY GX340, GX390",PRESSURE WASHER PARTS,"RECOIL ASSEMBLY GX340, GX390",150-707,,81.99
"RECOIL ASSEMBLY GX240, GX270",PRESSURE WASHER PARTS,"RECOIL ASSEMBLY GX240, GX270",150-711,,129.99
RECOIL SCREW,PRESSURE WASHER PARTS,RECOIL SCREW,150-715,,9.99
"PUMP W/GEARBOX, 3.5 GPM@2200 PSI, 1420/3600 RPM",PRESSURE WASHER PARTS,"PUMP W/GEARBOX, 3.5 GPM@2200 PSI, 1420/3600 RPM",3CP1120G,,2250.99
UNLOADER (BLACK SPRING) 4500 PSI MAX W EZ START FEATURE,PRESSURE WASHER PARTS,UNLOADER (BLACK SPRING) 4500 PSI MAX W EZ START FEATURE,407140045,,99.99
IGNITION COIL,PRESSURE WASHER PARTS,IGNITION COIL,440-101,,79.99
IGNITION COIL,PRESSURE WASHER PARTS,IGNITION COIL,440-105,,79.99
CARBURETOR,PRESSURE WASHER PARTS,CARBURETOR,520-718,,125.99
CARBURETOR,PRESSURE WASHER PARTS,CARBURETOR,520-738,,125.99
TOGGLE SWITCH FOR ELECTRIC PRESSURE WASHER,PRESSURE WASHER PARTS,TOGGLE SWITCH FOR ELECTRIC PRESSURE WASHER,EK204-73,,26.99
AR UNLOADER,PRESSURE WASHER PARTS,AR UNLOADER,VRT3-310EZ,,69.99
PRESSURE WASHER PUMP CAT,PRESSURE WASHER PUMPS,PRESSURE WASHER PUMP CAT,4PPX25GSI,,611.99
4PPX30GSI CAT PRESSURE WASHER PUMP,PRESSURE WASHER PUMPS,4PPX30GSI CAT PRESSURE WASHER PUMP,4PPX30GSI,,1350.99
TRANSFER PUMP FOR GRAVITY FEED WATER,PRESSURE WASHER PUMPS,TRANSFER PUMP FOR GRAVITY FEED WATER,63317,,165.99
PUMP ASSEMBLY CAT 4PPX30GSI,PRESSURE WASHER PUMPS,PUMP ASSEMBLY CAT 4PPX30GSI,SLP4PPX30GSI-057,,1450.99
CAT PUMP FOR GX340 SPECIAL ORDER,PRESSURE WASHER PUMPS,CAT PUMP FOR GX340 SPECIAL ORDER,SLP66PDX40-408,,2250.99
WASHER PUMP,PRESSURE WASHER PUMPS,WASHER PUMP,SLPET1504E34L-402,,850.99
GRAVITY FEED PUMP 4000 PSI,PRESSURE WASHER PUMPS,GRAVITY FEED PUMP 4000 PSI,SLPEZ-4040-417TF,,699.99
PUMP 4200 WASHER,PRESSURE WASHER PUMPS,PUMP 4200 WASHER,SLPEZ4040-400,,815.99
GRAVITY FEED PUMP 3200 PSI SLPRCV3G25-302/TF,PRESSURE WASHER PUMPS,GRAVITY FEED PUMP 3200 PSI SLPRCV3G25-302/TF,SLPRCV3G25-302/TF,,800.99
PUMP ASSEMBLY AR RMV25G30,PRESSURE WASHER PUMPS,PUMP ASSEMBLY AR RMV25G30,SLPRMV25G30-066,,325.99
T9051 WASHER PUMP,PRESSURE WASHER PUMPS,T9051 WASHER PUMP,SLPT9051EBFR-401,,699.99
"NORTHSTAR PRESSURE WASHER | 2,000 PSI | 1.5 GPM | ELECTRIC | 120V",PRESSURE WASHERS,"NORTHSTAR PRESSURE WASHER | 2,000 PSI | 1.5 GPM | ELECTRIC | 120V",1571102,,1959.99
"NORTHSTAR PRESSURE WASHER | 3,000 PSI | 2.5 GPM | ELECTRIC | 230V",PRESSURE WASHERS,"NORTHSTAR PRESSURE WASHER | 3,000 PSI | 2.5 GPM | ELECTRIC | 230V",1571103,,1499.99
"NORTHSTAR PRESSURE WASHER KIT 3,300 PSI 2.5 GPM HONDA GX200",PRESSURE WASHERS,"NORTHSTAR PRESSURE WASHER KIT 3,300 PSI 2.5 GPM HONDA GX200",157119,,1529.99
"NORTHSTAR PRESSURE WASHER 3,300 PSI 2.5..GPM GX200",PRESSURE WASHERS,"NORTHSTAR PRESSURE WASHER 3,300 PSI 2.5..GPM GX200",157123,,1633.99
HONDA GX300 GAS PRESSURE WASHER 3000 PSI 3.0 GM,PRESSURE WASHERS,HONDA GX300 GAS PRESSURE WASHER 3000 PSI 3.0 GM,E3027HCI,,1524.99
HONDA GX200 GAS PRESSURE WASHER 2700 PSI 3.0 GM,PRESSURE WASHERS,HONDA GX200 GAS PRESSURE WASHER 2700 PSI 3.0 GM,E3030HCI,,1733.99
HONDA GX390 GAS PRESSURE WASHER 4200 PSI 4.O GM,PRESSURE WASHERS,HONDA GX390 GAS PRESSURE WASHER 4200 PSI 4.O GM,E4042HCI,,2804.99
MAXSHINE 1200 PSI 1.9GPM ELECTRIC PRESSURE WASHER PRO,PRESSURE WASHERS,MAXSHINE 1200 PSI 1.9GPM ELECTRIC PRESSURE WASHER PRO,EPW-PRO,,899.99
KRANZLE 1600 PSI 1.7 GPM ELECTRIC PREESSURE WASHER,PRESSURE WASHERS,KRANZLE 1600 PSI 1.7 GPM ELECTRIC PREESSURE WASHER,K1622TS,,1299.99
SKID MOUNT 4200 PRESSURE WASHER ELECTRIC START SPECIAL ORDER,PRESSURE WASHERS,SKID MOUNT 4200 PRESSURE WASHER ELECTRIC START SPECIAL ORDER,S/EB4040HG,,1999.99
RCP BUCKET DOLLY WITH BOTTLE HOLDERS,PRESSURE WASHERS,RCP BUCKET DOLLY WITH BOTTLE HOLDERS,RCP-DB01,,56.99
RCP BUCKET GRATE SAND KILLER,PRESSURE WASHERS,RCP BUCKET GRATE SAND KILLER,RCP-SD01,,13.99
"COXREELS COMBO AIR & ELECTRIC HOSE REEL WITH OUTLET ATTACHEMENT 3/5 IN X 50 FT, MAX 300 PSI, MODEL#C-L350-5016-A",REELS,"COXREELS COMBO AIR & ELECTRIC HOSE REEL WITH OUTLET ATTACHEMENT 3/5 IN X 50 FT, MAX 300 PSI, MODEL#C-L350-5016-A",100043,,799.99
"NORTHSTAR AUTO-REWIND PRESSURE WASHER..HOSE REEL 4,000PSI 50-F. CAPACITY",REELS,"NORTHSTAR AUTO-REWIND PRESSURE WASHER..HOSE REEL 4,000PSI 50-F. CAPACITY",115159,,299.99
IRONTON AUTO-REWIND AIR HOSE REEL 3/8-IN...X 50-FT. 300 PSI,REELS,IRONTON AUTO-REWIND AIR HOSE REEL 3/8-IN...X 50-FT. 300 PSI,49591,,125.99
VACUUM HOSE REEL WITH HAND CRANK,REELS,VACUUM HOSE REEL WITH HAND CRANK,55530,,559.99
GENERAL PUMP HOSE REEL,REELS,GENERAL PUMP HOSE REEL,D30002,,138.99
50' AIR HOSE REEL,REELS,50' AIR HOSE REEL,E-Air Hose Real,,222.99
ELECTRIC REEL,REELS,ELECTRIC REEL- 50 FT,E-REEL,,199.99
WOJET PRESSURE WASHER HOSE REEL 50FT,REELS,WOJET PRESSURE WASHER HOSE REEL 50FT,WOJET,,254.99
HYDRO SYSTEM -  SINGLE STATION,SPECIALTY EQUIPMENT,HYDRO SYSTEM -  SINGLE STATION,3530AG,,254.99
HYDRO SYSTEM - TWO STAGE,SPECIALTY EQUIPMENT,HYDRO SYSTEM - TWO STAGE,35441,,433.99
HYDRO SYSTEM - THREE STATION,SPECIALTY EQUIPMENT,HYDRO SYSTEM - THREE STATION,3550AG,,505.99
25' HYDRO RECOIL HOSE,SPECIALTY EQUIPMENT,25' HYDRO RECOIL HOSE,Hydro-Recoil,,60.99
HYDRO SYSTEMS 35581 ACCUMAX 3-BUTTON LOW/LOW/HIGH FLOW DISPENSER WITH E-GAP EDUCTOR,SPECIALTY EQUIPMENT,HYDRO SYSTEMS 35581 ACCUMAX 3-BUTTON LOW/LOW/HIGH FLOW DISPENSER WITH E-GAP EDUCTOR,IN35581,,399.99
HYDRO SYSTEMS 3576AG ACCUMAX SELECT PLUS DISPENSER WITH AIRGAP EDUCTOR,SPECIALTY EQUIPMENT,HYDRO SYSTEMS 3576AG ACCUMAX SELECT PLUS DISPENSER WITH AIRGAP EDUCTOR,IN3576AG,,429.99
ACCUMAX DUAL SELECT DISPENSER WITH E-GAP EDUCTOR,SPECIALTY EQUIPMENT,ACCUMAX DUAL SELECT DISPENSER WITH E-GAP EDUCTOR,IN35771,,499.99
CERAMIC REPLACEMENT PLATES,SPECIALTY EQUIPMENT,CERAMIC REPLACEMENT PLATES,V1000P,,121.99
TORNADOR INNER LIQUID TUBE,TORNADOR,TORNADOR INNER LIQUID TUBE,CT-600,,50.99
TORNADOR BLACK ROTO SET,TORNADOR,TORNADOR BLACK ROTO SET,TB-200RS,,101.99
TORNADOR BLACK- BLACK INNER LIQUID TUBE,TORNADOR,TORNADOR BLACK- BLACK INNER LIQUID TUBE,TB-600,,46.99
TORNADOR MINI CONE,TORNADOR,TORNADOR MINI CONE,TM-016,,18.99
TORNADOR MINI BLOW GUN,TORNADOR,TORNADOR MINI BLOW GUN,Z-007,,49.99
1 1/2 INCH CONNCETOR FOR VACUUM ATTACHMENTS,VACUUM ACCESSORIES,1 1/2 INCH CONNCETOR FOR VACUUM ATTACHMENTS,AS3161,,9.99
VACUUM FILTER (2PK),VACUUM ACCESSORIES,VACUUM FILTER (2PK),E-V-FILTER,,75.99
JUMPER HOSE FOR GARAGE VAC HOSE REEL,VACUUM ACCESSORIES,JUMPER HOSE FOR GARAGE VAC HOSE REEL,HS105,,24.99
BLUE VACUUM HOSE KIT,VACUUM ACCESSORIES,BLUE VACUUM HOSE KIT,M-150BLUE,,63.99
HOSE ADAPTER FOR 1 1/2 IN HOSE,VACUUM ACCESSORIES,HOSE ADAPTER FOR 1 1/2 IN HOSE,VCHA150,,24.99
EQUIPMENT - VACUUM 9 GALLON WET/DRY VAC,VACUUMS,EQUIPMENT - VACUUM 9 GALLON WET/DRY VAC,E-VAC,,159.99
50' BLACK,VACUUMS,50' BLACK,GV50BLKPRO,,499.99
50' BLUE,VACUUMS,50' BLUE,GV50BPRO,,499.99
50' GREY,VACUUMS,50' GREY,GV50PRO,,499.99
50' RED,VACUUMS,50' RED,GV50RPRO,,499.99
LATEX GLOVES (BLUE) S,GLOVES,LATEX GLOVES (BLUE) S,GB600,,25.99
LATEX GLOVES (BLUE) AM,GLOVES,LATEX GLOVES (BLUE) AM,GB601,,25.99
LATEX GLOVES (BLUE) LPG,GLOVES,LATEX GLOVES (BLUE) LPG,GB602,,25.99
LATEX GLOVES (BLUE) XL,GLOVES,LATEX GLOVES (BLUE) XL,GB603,,25.99
LATEX GLOVES (BLUE) 2XL,GLOVES,LATEX GLOVES (BLUE) 2XL,GB604,,25.99
2X NITRO GLOVES,GLOVES,2X NITRO GLOVES,GL605,,40.99
IK NOZZLE KIT FOR SMALL FOAM SPRAYER,IK SPRAYER,IK NOZZLE KIT FOR SMALL FOAM SPRAYER,81676800,,17.99
IK MULTI PRO 2 NOZZLE KIT,IK SPRAYER,IK MULTI PRO 2 NOZZLE KIT,81771871,,18.99
IK FOOD 1.5 SPRAYER,IK SPRAYER,IK FOOD 1.5 SPRAYER,81781,,38.99
IK MULTI 6-9-12 - PRO 9-12 NOZZLE KIT,IK SPRAYER,IK MULTI 6-9-12 - PRO 9-12 NOZZLE KIT,82671871,,17.99
IK 12 MULTI PRO HANDLE ONLY,IK SPRAYER,IK 12 MULTI PRO HANDLE ONLY,82671872,,25.27
TUBE WITH IK PRO NUTS,IK SPRAYER,TUBE WITH IK PRO NUTS,82671873,,15.99
BATTERY OPERATED FOAM PRO 12,IK SPRAYER,BATTERY OPERATED FOAM PRO 12,826781,,327.99
IK BATTERY & COMPRESSOR KIT,IK SPRAYER,IK BATTERY & COMPRESSOR KIT,826789001,,198.99
HOSE FOR IK SPRAYER,IK SPRAYER,HOSE FOR IK SPRAYER,83811835,,13.99
"IK MULTI 6 SPRAYER , SUITABLE FOR THE MOST AGGRESSIVE PRODUCTS",IK SPRAYER,"IK MULTI 6 SPRAYER , SUITABLE FOR THE MOST AGGRESSIVE PRODUCTS",83811901,,85.99
MAXSHINE FOAM PAD CLEANING BRUSH AND PAD REMOVAL TOOL,MAXSHINE,MAXSHINE FOAM PAD CLEANING BRUSH AND PAD REMOVAL TOOL,7011029,,15.99
MAXSHINE PREMIUM ROLLING DETAIL CART,MAXSHINE,MAXSHINE PREMIUM ROLLING DETAIL CART,702308,,406.99
MAXSHINE MICROFIBER WHEEL BRUSH 3-PIECE KIT,MAXSHINE,MAXSHINE MICROFIBER WHEEL BRUSH 3-PIECE KIT,704603,,68.99
MAXSHINE 3 DETAIL BRUSH SET,MAXSHINE,MAXSHINE 3 DETAIL BRUSH SET,704610,,25.99
"CERAMIC COATING HOLDER, 4 HOLE, CASE QTY: 20",MAXSHINE,"CERAMIC COATING HOLDER, 4 HOLE, CASE QTY: 20",H03C,,29.99
MAXSHINE SPRAY BOTTLE HOLDER FOR 32 OR 16 OZ 5PCS/BOX,MAXSHINE,MAXSHINE SPRAY BOTTLE HOLDER FOR 32 OR 16 OZ 5PCS/BOX,H03H,,70.99
"5"" FOAM PAD HOLDER, CASE QTY: 8",MAXSHINE,"5"" FOAM PAD HOLDER, CASE QTY: 8",H04H,,54.99
"6"" FOAM PAD HOLDER 14"", CASE QTY: 8",MAXSHINE,"6"" FOAM PAD HOLDER 14"", CASE QTY: 8",H05H,,57.99
MAXSHINE BRUSH AND TRIGGER BOTTLE HOLDER,MAXSHINE,MAXSHINE BRUSH AND TRIGGER BOTTLE HOLDER,H06,,65.99
"FOAM CANNON HOLDER, CASE QTY: 20",MAXSHINE,"FOAM CANNON HOLDER, CASE QTY: 20",H08A,,54.99
MAXSHINE M0312 MINI CORDLESS POLISHER,MAXSHINE,MAXSHINE M0312 MINI CORDLESS POLISHER,M0312,,305.99
"MAXSHINE M1300-PRO ROTARY POLISHER, 1300W",MAXSHINE,"MAXSHINE M1300-PRO ROTARY POLISHER, 1300W",M1300-PRO,,194.99
MAXSHINE M15-PRO DUAL ACTION POLISHER,MAXSHINE,MAXSHINE M15-PRO DUAL ACTION POLISHER,m15-pro,,353.99
M21 PRO DUAL ACTION POLSHER,MAXSHINE,M21 PRO DUAL ACTION POLSHER,M21-PRO,,331.99
"MAXSHINE M312 3"" DUAL ACTION POLISHER",MAXSHINE,"MAXSHINE M312 3"" DUAL ACTION POLISHER",M312,,279.99
BLUE TWISTED LOOP DRYING TOWEL,MAXSHINE,BLUE TWISTED LOOP DRYING TOWEL,RCP-1196090B,,35.99
MAXSHINE MINI PET HAIR TRIANGLE,MAXSHINE,MAXSHINE MINI PET HAIR TRIANGLE,RCP-7011028,,14.99
RCP DETAIL BRUSH SET 5 PK,MAXSHINE,RCP DETAIL BRUSH SET 5 PK,RCP-704625,,33.99
HUSKY BLOW GUN EXTENSION KIT,AIR GUNS,HUSKY BLOW GUN EXTENSION KIT,1003211359,,9.99
3 PIECE HIGH VELOCITY BLOW GUN KIT,AIR GUNS,3 PIECE HIGH VELOCITY BLOW GUN KIT,TH1036,,36.99
PAPER FLOOR MATS,FLOOR MATS/PROTECTIVE FILMS,PAPER FLOOR MATS- 500PK,1033,,69.99
STEERING WHEEL COVERS 250 COUNT,FLOOR MATS/PROTECTIVE FILMS,STEERING WHEEL COVERS 250 COUNT,83506,,52.99
"PIG MATS, OIL ABSORBENT PADS",FLOOR MATS/PROTECTIVE FILMS,"PIG MATS, OIL ABSORBENT PADS",A5WP200,,96.99
STICK MAT DISPENSER,FLOOR MATS/PROTECTIVE FILMS,STICK MAT DISPENSER,D2430,,83.99
"STICK MAT 24"" X 200'",FLOOR MATS/PROTECTIVE FILMS,"STICK MAT 24"" X 200'",GST00302,,88.99
"STICK MAT 24"" X 600'",FLOOR MATS/PROTECTIVE FILMS,"STICK MAT 24"" X 600'",GST00306,,275.99
"STICK MAT 19"" X 600' DMR",FLOOR MATS/PROTECTIVE FILMS,"STICK MAT 19"" X 600' DMR",GST00319,,275.99
SEAT COVER 500PK,FLOOR MATS/PROTECTIVE FILMS,SEAT COVER 500PK,SC-500,,137.99
HAND PUMP 56 OZ.,FLOOR MATS/PROTECTIVE FILMS,HAND PUMP 56 OZ.,HDX-56,,35.99
44 QT WASH BUCKET ON WHEELS,FLOOR MATS/PROTECTIVE FILMS,44 QT WASH BUCKET ON WHEELS,lavex,,107.99
LICENSE PLATE SLOTTED HEX SCREW,FLOOR MATS/PROTECTIVE FILMS,LICENSE PLATE SLOTTED HEX SCREW,LPS-100,,13.99
SLOTTED ROUND HEAD SCREW 100/PK,FLOOR MATS/PROTECTIVE FILMS,SLOTTED ROUND HEAD SCREW 100/PK,LPS-200,,13.99
METRIC HEX WASHER HEAD SCREW 100/PK,FLOOR MATS/PROTECTIVE FILMS,METRIC HEX WASHER HEAD SCREW 100/PK,LPS-400,,17.99
LICENSE MAGNET PLATE HOLDER,FLOOR MATS/PROTECTIVE FILMS,LICENSE MAGNET PLATE HOLDER,PCMAG-1,,15.99
RAZOR BLADE DISPOSAL,RAZOR BLADES/SCRAPERS,RAZOR BLADE DISPOSAL,1009-disposal,,25.99
RAZOR BLADE: ORANGE PLASTIC,RAZOR BLADES/SCRAPERS,RAZOR BLADE: ORANGE PLASTIC,PB300,,15.99
"3.5 "" DRILL CARPET BRUSH",RAZOR BLADES/SCRAPERS,"3.5 "" DRILL CARPET BRUSH",SS-35,,28.99
PAINT: WHITE - GLOSS,PAINT,PAINT: WHITE - GLOSS,146973,,15.99
Premium Gloss Black Paint,PAINT,Premium Gloss Black Paint,17004,,4
SPRAY PAINT - FLAT BLACK,PAINT,SPRAY PAINT - FLAT BLACK,295676,,5.99
16 OZ PAINT BUCKET/TIRE SHINE BUCKET,PAINT,16 OZ PAINT BUCKET/TIRE SHINE BUCKET,638752,,12.99
E-Z MIX DABBER 40 PC TUBE,PAINT,E-Z MIX DABBER 40 PC TUBE,78000,,34.99
TOUCHUP MICROBRUSH DABBER,PAINT,TOUCHUP MICROBRUSH DABBER,9439,,34.99
HI TECH RUBBERIZED UNDERCOAT,PAINT,HI TECH RUBBERIZED UNDERCOAT- 19.4 OZ,HT18021,,13.99
3M Door Edge Guard 150 foot,PIN STRIPE/DOOR GUARDS,3M Door Edge Guard 150 foot,10150-20,,166.99
3M .4 X 120FT CLEAR DOOR EDGE,PIN STRIPE/DOOR GUARDS,3M .4 X 120FT CLEAR DOOR EDGE,14785977,,119.99
"3/16"" BLACK DOUBLE LINE PIN STRIPE",PIN STRIPE/DOOR GUARDS,"3/16"" BLACK DOUBLE LINE PIN STRIPE",35061,,25.99
"3/16"" WHITE DOUBLE LINE PIN STRIPE",PIN STRIPE/DOOR GUARDS,"3/16"" WHITE DOUBLE LINE PIN STRIPE",35065,,25.99
"4/16"" BLACK PINSTRIPE",PIN STRIPE/DOOR GUARDS,"4/16"" BLACK PINSTRIPE",45061,,30.17
"4/16""  CHARCOAL PINSTRIPE",PIN STRIPE/DOOR GUARDS,"4/16""  CHARCOAL PINSTRIPE",45062,,25.99
"4/16""  SILVER MET PINSTRIPE",PIN STRIPE/DOOR GUARDS,"4/16""  SILVER MET PINSTRIPE",45064,,25.99
"4/16"" WHITE PINSTRIPE",PIN STRIPE/DOOR GUARDS,"4/16"" WHITE PINSTRIPE",45065,,25.99
"4/16"" RED PINSTRIPE",PIN STRIPE/DOOR GUARDS,"4/16"" RED PINSTRIPE",45077,,25.99
"4/16"" GOLD PIN STRIPE",PIN STRIPE/DOOR GUARDS,"4/16"" GOLD PIN STRIPE",45099,,33.99
PIN STRIPE REMOVAL TOOL,PIN STRIPE/DOOR GUARDS,PIN STRIPE REMOVAL TOOL,EP823,,20.99
SAND PAPER 600A (50),SAND PAPER,SAND PAPER 600A (50),1310600,,49.99
EAGLE 1000 GRIT HALF SHEET 50/PK,SAND PAPER,EAGLE 1000 GRIT HALF SHEET 50/PK,1311000,,49.99
EAGLE 1200 GRIT HALF SHEET 50 PK,SAND PAPER,EAGLE 1200 GRIT HALF SHEET 50 PK,1311200,,49.99
EAGLE 1500 GRIT HALF SHEET 50 PK,SAND PAPER,EAGLE 1500 GRIT HALF SHEET 50 PK,1311500,,49.99
EAGLE 2000 GRIT HALF SHEET 50 PK,SAND PAPER,EAGLE 2000 GRIT HALF SHEET 50 PK,1312000,,49.99
EAGLE 2500 GRIT HALF SHEET 50 PK,SAND PAPER,EAGLE 2500 GRIT HALF SHEET 50 PK,1312501,,49.99
"ABRALON 1000 GRIT - 6"" GRIP SANDING DISC",SAND PAPER,"ABRALON 1000 GRIT - 6"" GRIP SANDING DISC",8A2401000,,90.99
"ABRALON 2000 GRIT - 6"" GRIP SANDING DISC",SAND PAPER,"ABRALON 2000 GRIT - 6"" GRIP SANDING DISC",8A2402000,,90.99
"ABRALON 3000 GRIT - 6"" GRIP SANDING DISC",SAND PAPER,"ABRALON 3000 GRIT - 6"" GRIP SANDING DISC",8A2403000,,90.99
"SCOTCH BRITE GREEN 10PK- 4.5"" X 6""",SAND PAPER,"SCOTCH BRITE GREEN 10PK- 4.5"" X 6""",HT6910G,,15.99
TEFLON TAPE PETE,MASKING TAPE,TEFLON TAPE PETE,811PTFE,,3.99
"BLUE MASKING TAPE 2""",MASKING TAPE,"BLUE MASKING TAPE 2""",BLTAPE,,17.99
"MASKING TAPE, YELLOW 3/4""(18MM) X 60YDS",MASKING TAPE,"MASKING TAPE, YELLOW 3/4""(18MM) X 60YDS",MTY-1860,,8.99
"MASKING TAPE, YELLOW 2"" X 60YDS",MASKING TAPE,"MASKING TAPE, YELLOW 2"" X 60YDS",MTY-4860,,8.99
MODEL 300 SPRAYER BLACK,TRIGGERS,MODEL 300 SPRAYER BLACK,110403,,1.99
TRIGGER SPRAYER WHITE,TRIGGERS,TRIGGER SPRAYER WHITE,110503,,1.99
"TOLCO MODEL ORANGE TRIGGER SPRAYER, 9.5""",TRIGGERS,"TOLCO MODEL ORANGE TRIGGER SPRAYER, 9.5""",110512,,2.99
"TOLCO MODEL GRAY CHEMICAL RESISTANT TRIGGER SPRAYER, 9.5""",TRIGGERS,"TOLCO MODEL GRAY CHEMICAL RESISTANT TRIGGER SPRAYER, 9.5""",110542,,3.99
"TOLCO MODEL BLACK/GOLD ACID RESISTANT TRIGGER SPRAYER, 9.5""",TRIGGERS,"TOLCO MODEL BLACK/GOLD ACID RESISTANT TRIGGER SPRAYER, 9.5""",110580,,3.99
28/400 BLK OPUS SOS..SHORT TRIGGER 9.50 DTL V..CUT,TRIGGERS,28/400 BLK OPUS SOS..SHORT TRIGGER 9.50 DTL V..CUT,35675-00002,,1.99
BLACK TRIGGER SPRAYER WITH RATCHET 28/400,TRIGGERS,BLACK TRIGGER SPRAYER WITH RATCHET 28/400,S036BK,,1.99
BLACK PLASTIC TRIGGER SPRAYER,TRIGGERS,BLACK PLASTIC TRIGGER SPRAYER,S077,,1.99
BLACK PP PLASTIC 24-410 RIBBED SKIRT FINE MIST FINGERTIP SPRAYER WITH CLEAR OVERCAP,TRIGGERS,BLACK PP PLASTIC 24-410 RIBBED SKIRT FINE MIST FINGERTIP SPRAYER WITH CLEAR OVERCAP,S180BK,,0.99
GLACIER PLUS,RCP WAXES,GLACIER PLUS- 32 OZ,7332,,28.99
MARINE GLACIER GLAZE PLUS,RCP WAXES,MARINE GLACIER GLAZE PLUS- 1 GAL,73M,,91.99
MEDALLION METAL POLISH,RCP WAXES,MEDALLION METAL POLISH- 1 GAL,9901,,99.99
RADIANCE GRAPHENE CERAMIC KIT- 50ML (5 YEAR),RCP WAXES,RADIANCE GRAPHENE CERAMIC KIT- 50ML (5 YEAR),CLF-500,,100.99
RUPES COMPOUND DA COARSE (BLUE),RCP WAXES,RUPES COMPOUND DA COARSE (BLUE)- 32 OZ,DACOARSE,,81.99
RUPES DA FINE COMPOUND (YELLOW),RCP WAXES,RUPES DA FINE COMPOUND (YELLOW)- 32 OZ,DAFINE,,71.99
CUBE 5 GALLON,CONTAINERS - 4105-53,CUBE 5 GALLON,05-BW301,,25.99
NATURAL PAIL,CONTAINERS - 4105-53,NATURAL PAIL- 5 GAL,05-NOR112,,8.99
NATURAL F-STYLE GALLON BOTTLE,CONTAINERS - 4105-53,NATURAL F-STYLE GALLON BOTTLE,100-NOR,,5.99
PUSH-PULL BLACK CAP- 28/410..,LIDS/CAPS - 4105-55,PUSH-PULL BLACK CAP- 28/410..,62982,,0.99
1 GAL CAP/LID FS M-1,LIDS/CAPS - 4105-55,1 GAL CAP/LID FS M-1,CLP22,,1.99
5 GAL CUBE SPOUT LOW DENSITY,LIDS/CAPS - 4105-55,5 GAL CUBE SPOUT LOW DENSITY,DA272,,9.99
BLACK LID FOR 5 GALLON BUCKET,LIDS/CAPS - 4105-55,BLACK LID FOR 5 GALLON BUCKET,NOR203,,4.99
PUSH/PULL WAX BOTTLE TOP,LIDS/CAPS - 4105-55,PUSH/PULL WAX BOTTLE TOP,RCP-104,,0.99
METAL DRUM PUMP,PUMP,METAL DRUM PUMP- 55 GAL,170100,,85.99
HD GREEN PLASTIC PUMP,PUMP,HD GREEN PLASTIC PUMP- 55 GAL,695,,86.99
Ordering Terms & Conditions:,PUMP,Ordering Terms & Conditions:,,,
Acceptable payment methods:,PUMP,Acceptable payment methods:,,,
ACH,PUMP,ACH ,,,
Check,PUMP,Check,,,
Credit Card - A 3% processing fee will be applied to all invoices paid via credit card,PUMP,Credit Card - A 3% processing fee will be applied to all invoices paid via credit card,,,
*A completed credit application must be received and be approved for credit terms.,PUMP,*A completed credit application must be received and be approved for credit terms.,,,
Email Orders To:,PUMP,Email Orders To:,,,
Sales@RCPAmerica.com,PUMP,Sales@RCPAmerica.com ,,,
